{"cameraMode":{"drawMode":0,"name":"Shaded","section":"Shading Mode"},"sceneLighting":false,"audioPlay":false,"sceneViewState":{"showFog":false,"showMaterialUpdate":false,"showSkybox":false,"showFlares":false,"showImageEffects":false,"showParticleSystems":false},"in2DMode":false,"pivot":{"x":-15.886789321899414,"y":2.2596471309661867,"z":-7.351583003997803},"rotation":{"x":0.08729896694421768,"y":0.8993696570396423,"z":-0.2104015350341797,"w":0.37316498160362246},"size":2.700021743774414,"orthographic":false}