{"cameraMode":{"drawMode":0,"name":"Shaded","section":"Shading Mode"},"sceneLighting":false,"audioPlay":false,"sceneViewState":{"showFog":false,"showMaterialUpdate":false,"showSkybox":false,"showFlares":false,"showImageEffects":false,"showParticleSystems":false},"in2DMode":false,"pivot":{"x":8.327651023864746,"y":0.1981983184814453,"z":64.81668853759766},"rotation":{"x":0.2404460906982422,"y":-0.38632187247276308,"z":0.10504861921072006,"w":0.8842554092407227},"size":11.373180389404297,"orthographic":false}