{"cameraMode":{"drawMode":0,"name":"Shaded","section":"Shading Mode"},"sceneLighting":false,"audioPlay":false,"sceneViewState":{"showFog":false,"showMaterialUpdate":false,"showSkybox":false,"showFlares":false,"showImageEffects":false,"showParticleSystems":false},"in2DMode":false,"pivot":{"x":-20.056058883666993,"y":0.6877250671386719,"z":6.9189653396606449},"rotation":{"x":-0.8706746101379395,"y":0.07211462408304215,"z":0.13426248729228974,"w":0.4676538407802582},"size":5.430810928344727,"orthographic":false}