{"cameraMode":{"drawMode":0,"name":"Shaded","section":"Shading Mode"},"sceneLighting":false,"audioPlay":false,"sceneViewState":{"showFog":false,"showMaterialUpdate":false,"showSkybox":false,"showFlares":false,"showImageEffects":false,"showParticleSystems":false},"in2DMode":false,"pivot":{"x":-0.5099730491638184,"y":2.569999933242798,"z":-20.12803077697754},"rotation":{"x":0.07444397360086441,"y":-0.7582754492759705,"z":0.08797240257263184,"w":0.6416686177253723},"size":3.0000171661376955,"orthographic":false}