{"cameraMode":{"drawMode":0,"name":"Shaded","section":"Shading Mode"},"sceneLighting":false,"audioPlay":false,"sceneViewState":{"showFog":false,"showMaterialUpdate":false,"showSkybox":false,"showFlares":false,"showImageEffects":false,"showParticleSystems":false},"in2DMode":false,"pivot":{"x":7.621422290802002,"y":2.699279546737671,"z":27.001008987426759},"rotation":{"x":-0.8706746101379395,"y":0.07211462408304215,"z":0.13426248729228974,"w":0.4676538407802582},"size":2.700024366378784,"orthographic":false}