{"cameraMode":{"drawMode":0,"name":"Shaded","section":"Shading Mode"},"sceneLighting":false,"audioPlay":false,"sceneViewState":{"showFog":false,"showMaterialUpdate":false,"showSkybox":false,"showFlares":false,"showImageEffects":false,"showParticleSystems":false},"in2DMode":false,"pivot":{"x":0.4892578125,"y":1.48638916015625,"z":0.152099609375},"rotation":{"x":0.021708067506551744,"y":-0.9269285798072815,"z":0.05428727716207504,"w":0.3706552982330322},"size":1.7004610300064088,"orthographic":true}