{"cameraMode":{"drawMode":0,"name":"Shaded","section":"Shading Mode"},"sceneLighting":false,"audioPlay":false,"sceneViewState":{"showFog":false,"showMaterialUpdate":false,"showSkybox":false,"showFlares":false,"showImageEffects":false,"showParticleSystems":false},"in2DMode":false,"pivot":{"x":-6.710119247436523,"y":-0.039999961853027347,"z":-21.553115844726564},"rotation":{"x":-0.9257054924964905,"y":-0.0005673660198226571,"z":-0.0013885564403608442,"w":0.3782431185245514},"size":5.858771800994873,"orthographic":false}