{"cameraMode":{"drawMode":0,"name":"Shaded","section":"Shading Mode"},"sceneLighting":false,"audioPlay":false,"sceneViewState":{"showFog":false,"showMaterialUpdate":false,"showSkybox":false,"showFlares":false,"showImageEffects":false,"showParticleSystems":false},"in2DMode":false,"pivot":{"x":1.7469921112060547,"y":3.288187026977539,"z":81.22775268554688},"rotation":{"x":-0.946983814239502,"y":0.052220966666936877,"z":0.2033279538154602,"w":0.2432156503200531},"size":3.0000221729278566,"orthographic":false}