{"cameraMode":{"drawMode":0,"name":"Shaded","section":"Shading Mode"},"sceneLighting":false,"audioPlay":false,"sceneViewState":{"showFog":false,"showMaterialUpdate":false,"showSkybox":false,"showFlares":false,"showImageEffects":false,"showParticleSystems":false},"in2DMode":false,"pivot":{"x":1.0898447036743165,"y":0.49675893783569338,"z":4.072668552398682},"rotation":{"x":0.2404460906982422,"y":-0.38632187247276308,"z":0.10504861921072006,"w":0.8842554092407227},"size":4.467222690582275,"orthographic":false}