{"cameraMode":{"drawMode":0,"name":"Shaded","section":"Shading Mode"},"sceneLighting":false,"audioPlay":false,"sceneViewState":{"showFog":false,"showMaterialUpdate":false,"showSkybox":false,"showFlares":false,"showImageEffects":false,"showParticleSystems":false},"in2DMode":false,"pivot":{"x":-2.4939463138580324,"y":7.651136875152588,"z":0.06036090850830078},"rotation":{"x":0.18999847769737245,"y":-0.6271219849586487,"z":0.1614672988653183,"w":0.7379344701766968},"size":10.0,"orthographic":false}