{"cameraMode":{"drawMode":0,"name":"Shaded","section":"Shading Mode"},"sceneLighting":false,"audioPlay":false,"sceneViewState":{"showFog":false,"showMaterialUpdate":false,"showSkybox":false,"showFlares":false,"showImageEffects":false,"showParticleSystems":false},"in2DMode":false,"pivot":{"x":4.4298930168151859,"y":-1.8698787689208985,"z":60.20450973510742},"rotation":{"x":-0.9257054924964905,"y":-0.0005673660198226571,"z":-0.0013885564403608442,"w":0.3782431185245514},"size":12.806418418884278,"orthographic":false}