{"cameraMode":{"drawMode":0,"name":"Shaded","section":"Shading Mode"},"sceneLighting":false,"audioPlay":false,"sceneViewState":{"showFog":false,"showMaterialUpdate":false,"showSkybox":false,"showFlares":false,"showImageEffects":false,"showParticleSystems":false},"in2DMode":false,"pivot":{"x":8.13759708404541,"y":-2.0222644805908205,"z":67.77030181884766},"rotation":{"x":-0.9257054924964905,"y":-0.0005673660198226571,"z":-0.0013885564403608442,"w":0.3782431185245514},"size":14.610366821289063,"orthographic":false}