{"cameraMode":{"drawMode":0,"name":"Shaded","section":"Shading Mode"},"sceneLighting":false,"audioPlay":false,"sceneViewState":{"showFog":false,"showMaterialUpdate":false,"showSkybox":false,"showFlares":false,"showImageEffects":false,"showParticleSystems":false},"in2DMode":false,"pivot":{"x":-3.9754176139831545,"y":1.5165590047836304,"z":1.5962204933166505},"rotation":{"x":0.1230081170797348,"y":-0.8448066115379334,"z":0.2202197164297104,"w":0.47188273072242739},"size":-0.012754201889038086,"orthographic":false}