{"cameraMode":{"drawMode":0,"name":"Shaded","section":"Shading Mode"},"sceneLighting":true,"audioPlay":false,"sceneViewState":{"showFog":false,"showMaterialUpdate":false,"showSkybox":false,"showFlares":false,"showImageEffects":false,"showParticleSystems":false},"in2DMode":false,"pivot":{"x":6.617589950561523,"y":1.825571060180664,"z":-9.403985977172852},"rotation":{"x":0.18999847769737245,"y":-0.6271219849586487,"z":0.1614672988653183,"w":0.7379344701766968},"size":11.504322052001954,"orthographic":false}